,date_of_interest,HOSPITALIZED_COUNT,HOSP_COUNT_7DAY_AVG,BX_HOSPITALIZED_COUNT,BX_HOSPITALIZED_COUNT_7DAY_AVG,BK_HOSPITALIZED_COUNT,BK_HOSPITALIZED_COUNT_7DAY_AVG,MN_HOSPITALIZED_COUNT,MN_HOSPITALIZED_COUNT_7DAY_AVG,QN_HOSPITALIZED_COUNT,QN_HOSPITALIZED_COUNT_7DAY_AVG,SI_HOSPITALIZED_COUNT,SI_HOSPITALIZED_COUNT_7DAY_AVG,INCOMPLETE,dayofyear,year,hosp_by_day_ID
0,2020-02-29,1,0,0,0,1,0,0,0,0,0,0,0,0,60,2020,2080
1,2020-03-01,1,0,1,0,0,0,0,0,0,0,0,0,0,61,2020,2081
2,2020-03-02,2,0,0,0,2,0,0,0,0,0,0,0,0,62,2020,2082
3,2020-03-03,7,0,1,0,3,0,1,0,2,0,0,0,0,63,2020,2083
4,2020-03-04,2,0,0,0,1,0,1,0,0,0,0,0,0,64,2020,2084
5,2020-03-05,14,0,1,0,3,0,5,0,4,0,1,0,0,65,2020,2085
6,2020-03-06,8,5,1,1,1,2,3,1,2,1,1,0,0,66,2020,2086
7,2020-03-07,8,6,1,1,3,2,0,1,4,2,0,0,0,67,2020,2087
8,2020-03-08,18,8,5,1,8,3,1,2,4,2,0,0,0,68,2020,2088
9,2020-03-09,37,13,7,2,11,4,10,3,8,3,2,1,0,69,2020,2089
10,2020-03-10,58,21,6,3,12,6,12,5,23,6,5,1,0,70,2020,2090
11,2020-03-11,79,32,23,6,12,7,19,7,23,10,2,2,0,71,2020,2091
12,2020-03-12,107,45,19,9,34,12,16,9,36,14,3,2,0,72,2020,2092
13,2020-03-13,152,66,26,12,44,18,31,13,50,21,2,2,0,73,2020,2093
14,2020-03-14,176,90,22,15,40,23,36,18,72,31,7,3,0,74,2020,2094
15,2020-03-15,210,117,38,20,52,29,34,23,67,40,19,6,0,75,2020,2095
16,2020-03-16,340,160,74,30,92,41,46,28,114,55,15,8,0,76,2020,2096
17,2020-03-17,387,207,61,38,100,53,77,37,129,70,23,10,0,77,2020,2097
18,2020-03-18,494,267,111,50,123,69,87,47,153,89,23,13,0,78,2020,2098
19,2020-03-19,634,342,135,67,160,87,107,60,208,113,26,16,0,79,2020,2099
20,2020-03-20,740,426,126,81,223,113,114,72,250,142,33,21,0,80,2020,2100
21,2020-03-21,741,507,164,101,185,134,119,83,243,166,33,25,0,81,2020,2101
22,2020-03-22,774,587,174,121,207,156,132,97,232,190,34,27,0,82,2020,2102
23,2020-03-23,1143,702,221,142,299,185,188,118,393,230,43,31,0,83,2020,2103
24,2020-03-24,1305,833,271,172,365,223,206,136,424,272,48,34,0,84,2020,2104
25,2020-03-25,1422,966,313,201,422,266,200,152,451,314,54,39,0,85,2020,2105
26,2020-03-26,1534,1094,320,227,489,313,228,170,452,349,56,43,0,86,2020,2106
27,2020-03-27,1571,1213,317,254,473,349,223,185,514,387,64,47,0,87,2020,2107
28,2020-03-28,1382,1304,315,276,397,379,187,195,452,417,50,50,0,88,2020,2108
29,2020-03-29,1502,1408,324,297,461,415,163,199,505,456,64,54,0,89,2020,2109
30,2020-03-30,1849,1509,353,316,555,452,277,212,611,487,72,58,0,90,2020,2110
31,2020-03-31,1785,1578,393,334,541,477,224,215,594,511,70,61,0,91,2020,2111
32,2020-04-01,1729,1622,379,343,502,488,220,217,580,530,83,66,0,92,2020,2112
33,2020-04-02,1663,1640,357,348,445,482,244,220,572,547,74,68,0,93,2020,2113
34,2020-04-03,1708,1660,388,358,451,479,258,225,561,554,69,69,0,94,2020,2114
35,2020-04-04,1447,1669,313,358,380,476,202,227,523,564,54,69,0,95,2020,2115
36,2020-04-05,1401,1655,315,357,405,468,192,231,441,555,72,71,0,96,2020,2116
37,2020-04-06,1742,1639,391,362,473,457,266,229,553,546,82,72,0,97,2020,2117
38,2020-04-07,1574,1609,335,354,458,445,195,225,539,538,69,72,0,98,2020,2118
39,2020-04-08,1539,1582,361,351,452,438,172,218,519,530,63,69,0,99,2020,2119
40,2020-04-09,1343,1536,273,339,417,434,193,211,430,509,53,66,0,100,2020,2120
41,2020-04-10,1286,1476,298,327,328,416,179,200,439,492,62,65,0,101,2020,2121
42,2020-04-11,1039,1418,250,318,298,404,132,190,329,464,47,64,0,102,2020,2122
43,2020-04-12,950,1353,233,306,252,383,130,181,301,444,45,60,0,103,2020,2123
44,2020-04-13,1144,1268,263,288,325,361,171,167,341,414,58,57,0,104,2020,2124
45,2020-04-14,978,1183,203,269,265,334,141,160,338,385,46,53,0,105,2020,2125
46,2020-04-15,858,1085,202,246,244,304,131,154,263,349,32,49,0,106,2020,2126
47,2020-04-16,777,1005,175,232,225,277,105,141,238,321,43,48,0,107,2020,2127
48,2020-04-17,788,933,170,214,235,263,107,131,256,295,32,43,0,108,2020,2128
49,2020-04-18,585,869,136,197,159,244,85,124,186,275,29,41,0,109,2020,2129
50,2020-04-19,533,809,142,184,123,225,70,116,175,257,28,38,0,110,2020,2130
51,2020-04-20,630,736,143,167,189,206,96,105,190,235,32,35,0,111,2020,2131
52,2020-04-21,585,679,143,159,162,191,91,98,174,212,24,31,0,112,2020,2132
53,2020-04-22,512,630,120,147,140,176,91,92,154,196,17,29,0,113,2020,2133
54,2020-04-23,443,582,111,138,127,162,56,85,137,182,22,26,0,114,2020,2134
55,2020-04-24,462,536,99,128,129,147,80,81,138,165,29,26,0,115,2020,2135
56,2020-04-25,324,498,80,120,96,138,42,75,92,151,23,25,0,116,2020,2136
57,2020-04-26,312,467,75,110,76,131,44,71,101,141,17,23,0,117,2020,2137
58,2020-04-27,370,430,93,103,93,118,62,67,107,129,20,22,0,118,2020,2138
59,2020-04-28,350,396,88,95,92,108,57,62,106,119,16,21,0,119,2020,2139
60,2020-04-29,309,367,79,89,94,101,44,55,87,110,13,20,0,120,2020,2140
61,2020-04-30,253,340,60,82,74,93,31,51,80,102,12,19,0,121,2020,2141
62,2020-05-01,263,312,73,78,67,85,33,45,82,94,13,16,0,122,2020,2142
63,2020-05-02,206,295,52,74,54,79,23,42,66,90,18,16,0,123,2020,2143
64,2020-05-03,215,281,44,70,58,76,33,40,70,85,13,15,0,124,2020,2144
65,2020-05-04,238,262,58,65,73,73,38,37,60,79,14,14,0,125,2020,2145
66,2020-05-05,212,242,64,61,66,69,26,33,49,71,11,13,0,126,2020,2146
67,2020-05-06,213,229,57,58,62,65,28,30,55,66,15,14,0,127,2020,2147
68,2020-05-07,177,218,43,56,54,62,18,28,52,62,13,14,0,128,2020,2148
69,2020-05-08,170,204,42,51,53,60,20,27,45,57,11,14,0,129,2020,2149
70,2020-05-09,122,192,31,48,39,58,12,25,34,52,9,12,0,130,2020,2150
71,2020-05-10,104,177,24,46,36,55,22,23,18,45,5,11,0,131,2020,2151
72,2020-05-11,181,168,47,44,50,51,23,21,58,44,4,10,0,132,2020,2152
73,2020-05-12,112,154,27,39,38,47,13,19,27,41,10,10,0,133,2020,2153
74,2020-05-13,128,142,27,34,47,45,18,18,27,37,12,9,0,134,2020,2154
75,2020-05-14,142,137,26,32,39,43,23,19,44,36,11,9,0,135,2020,2155
76,2020-05-15,126,131,25,30,42,42,23,19,32,34,7,8,0,136,2020,2156
77,2020-05-16,91,126,17,28,30,40,11,19,31,34,3,7,0,137,2020,2157
78,2020-05-17,81,123,23,27,18,38,7,17,28,35,5,7,0,138,2020,2158
79,2020-05-18,114,113,21,24,28,35,25,17,36,32,6,8,0,139,2020,2159
80,2020-05-19,116,114,28,24,39,35,19,18,26,32,6,7,0,140,2020,2160
81,2020-05-20,79,107,18,23,31,32,11,17,16,30,5,6,0,141,2020,2161
82,2020-05-21,84,99,20,22,32,31,9,15,19,27,5,5,0,142,2020,2162
83,2020-05-22,101,95,25,22,34,30,14,14,26,26,4,5,0,143,2020,2163
84,2020-05-23,75,93,18,22,24,29,9,13,21,25,4,5,0,144,2020,2164
85,2020-05-24,87,94,19,21,22,30,21,15,20,23,5,5,0,145,2020,2165
86,2020-05-25,78,89,26,22,19,29,11,13,20,21,3,5,0,146,2020,2166
87,2020-05-26,75,83,22,21,21,26,9,12,21,20,4,4,0,147,2020,2167
88,2020-05-27,76,82,18,21,19,24,11,12,24,22,4,4,0,148,2020,2168
89,2020-05-28,80,82,14,20,26,24,11,12,22,22,7,4,0,149,2020,2169
90,2020-05-29,86,80,21,20,22,22,11,12,29,22,3,4,0,150,2020,2170
91,2020-05-30,54,77,14,19,18,21,6,11,14,21,2,4,0,151,2020,2171
92,2020-05-31,60,73,13,18,17,20,9,10,21,22,0,3,0,152,2020,2172
93,2020-06-01,82,73,17,17,34,22,13,10,15,21,3,3,0,153,2020,2173
94,2020-06-02,63,72,12,16,23,23,10,10,14,20,6,4,0,154,2020,2174
95,2020-06-03,75,71,16,15,28,24,9,10,20,19,3,3,0,155,2020,2175
96,2020-06-04,75,71,14,15,28,24,11,10,21,19,2,3,0,156,2020,2176
97,2020-06-05,55,66,9,14,18,24,9,10,18,18,1,2,0,157,2020,2177
98,2020-06-06,37,64,10,13,10,23,6,10,14,18,2,2,0,158,2020,2178
99,2020-06-07,54,63,13,13,18,23,9,10,10,16,4,3,0,159,2020,2179
100,2020-06-08,62,60,9,12,20,21,9,9,22,17,2,3,0,160,2020,2180
101,2020-06-09,65,60,14,12,23,21,11,9,13,17,4,3,0,161,2020,2181
102,2020-06-10,63,59,14,12,17,19,14,10,17,16,3,3,0,162,2020,2182
103,2020-06-11,50,55,11,11,15,17,8,9,15,16,1,2,0,163,2020,2183
104,2020-06-12,53,55,13,12,22,18,5,9,10,14,3,3,0,164,2020,2184
105,2020-06-13,34,54,4,11,10,18,5,9,14,14,1,3,0,165,2020,2185
106,2020-06-14,46,53,12,11,14,17,5,8,16,15,0,2,0,166,2020,2186
107,2020-06-15,53,52,15,12,22,18,5,8,11,14,0,2,0,167,2020,2187
108,2020-06-16,61,51,12,12,23,18,6,7,19,15,1,1,0,168,2020,2188
109,2020-06-17,50,50,11,11,15,17,7,6,17,15,0,1,0,169,2020,2189
110,2020-06-18,58,51,9,11,16,17,6,6,25,16,2,1,0,170,2020,2190
111,2020-06-19,45,50,11,11,23,18,2,5,8,16,1,1,0,171,2020,2191
112,2020-06-20,27,49,5,11,10,18,4,5,8,15,0,1,0,172,2020,2192
113,2020-06-21,43,48,6,10,15,18,7,5,13,14,2,1,0,173,2020,2193
114,2020-06-22,50,48,12,9,18,17,8,6,10,14,2,1,0,174,2020,2194
115,2020-06-23,44,45,7,9,17,16,5,6,13,13,2,1,0,175,2020,2195
116,2020-06-24,53,46,8,8,19,17,7,6,15,13,4,2,0,176,2020,2196
117,2020-06-25,42,43,13,9,10,16,5,5,12,11,3,2,0,177,2020,2197
118,2020-06-26,33,42,8,8,14,15,4,6,5,11,2,2,0,178,2020,2198
119,2020-06-27,42,44,10,9,20,16,6,6,6,11,1,2,0,179,2020,2199
120,2020-06-28,32,42,6,9,11,16,3,5,12,10,0,2,0,180,2020,2200
121,2020-06-29,49,42,7,8,22,16,4,5,14,11,2,2,0,181,2020,2201
122,2020-06-30,45,42,9,9,17,16,8,5,10,11,2,2,0,182,2020,2202
123,2020-07-01,38,40,8,9,12,15,7,5,12,10,0,1,0,183,2020,2203
124,2020-07-02,46,41,10,8,14,16,8,6,14,10,0,1,0,184,2020,2204
125,2020-07-03,30,40,4,8,14,16,7,6,4,10,1,1,0,185,2020,2205
126,2020-07-04,30,39,4,7,8,14,8,6,9,11,1,1,0,186,2020,2206
127,2020-07-05,28,38,6,7,5,13,6,7,12,11,0,1,0,187,2020,2207
128,2020-07-06,54,39,8,7,18,13,7,7,19,11,2,1,0,188,2020,2208
129,2020-07-07,47,39,20,9,6,11,8,7,12,12,1,1,0,189,2020,2209
130,2020-07-08,34,38,8,9,12,11,8,7,4,11,2,1,0,190,2020,2210
131,2020-07-09,46,38,17,10,11,11,6,7,11,10,1,1,0,191,2020,2211
132,2020-07-10,44,40,9,10,17,11,1,6,15,12,3,1,0,192,2020,2212
133,2020-07-11,33,41,6,11,13,12,5,6,9,12,0,1,0,193,2020,2213
134,2020-07-12,26,41,7,11,10,12,3,5,6,11,0,1,0,194,2020,2214
135,2020-07-13,49,40,11,11,15,12,7,5,11,10,5,2,0,195,2020,2215
136,2020-07-14,43,39,11,10,9,12,8,5,15,10,0,2,0,196,2020,2216
137,2020-07-15,44,41,9,10,21,14,3,5,10,11,2,2,0,197,2020,2217
138,2020-07-16,35,39,13,9,8,13,4,4,7,10,3,2,0,198,2020,2218
139,2020-07-17,49,40,7,9,14,13,11,6,17,11,1,2,0,199,2020,2219
140,2020-07-18,27,39,6,9,6,12,5,6,9,11,1,2,0,200,2020,2220
141,2020-07-19,38,41,7,9,11,12,2,6,16,12,2,2,0,201,2020,2221
142,2020-07-20,38,39,12,9,11,11,5,5,7,12,3,2,0,202,2020,2222
143,2020-07-21,24,36,5,8,9,11,2,5,6,10,2,2,0,203,2020,2223
144,2020-07-22,40,36,8,8,14,10,5,5,11,10,2,2,0,204,2020,2224
145,2020-07-23,32,35,4,7,7,10,10,6,7,10,5,2,0,205,2020,2225
146,2020-07-24,40,34,12,8,12,10,4,5,11,10,1,2,0,206,2020,2226
147,2020-07-25,35,35,9,8,11,11,3,4,8,9,4,3,0,207,2020,2227
148,2020-07-26,25,33,6,8,6,10,6,5,5,8,2,3,0,208,2020,2228
149,2020-07-27,39,34,12,8,12,10,5,5,10,8,1,2,0,209,2020,2229
150,2020-07-28,37,35,7,8,18,11,2,5,7,8,4,3,0,210,2020,2230
151,2020-07-29,30,34,5,8,12,11,6,5,5,8,2,3,0,211,2020,2231
152,2020-07-30,37,35,6,8,16,12,3,4,11,8,2,2,0,212,2020,2232
153,2020-07-31,34,34,8,8,9,12,9,5,6,7,3,3,0,213,2020,2233
154,2020-08-01,27,33,5,7,15,13,5,5,1,6,2,2,0,214,2020,2234
155,2020-08-02,33,34,5,7,9,13,3,5,12,7,4,3,0,215,2020,2235
156,2020-08-03,38,34,13,7,12,13,6,5,8,7,1,3,0,216,2020,2236
157,2020-08-04,32,33,11,8,12,12,2,5,6,7,1,2,0,217,2020,2237
158,2020-08-05,39,34,9,8,14,12,3,4,13,8,0,2,0,218,2020,2238
159,2020-08-06,34,34,8,8,12,12,4,5,7,8,3,2,0,219,2020,2239
160,2020-08-07,23,32,7,8,8,12,4,4,4,7,0,2,0,220,2020,2240
161,2020-08-08,20,31,7,9,7,11,0,3,5,8,1,1,0,221,2020,2241
162,2020-08-09,27,30,8,9,9,11,3,3,6,7,1,1,0,222,2020,2242
163,2020-08-10,41,31,10,9,14,11,6,3,9,7,2,1,0,223,2020,2243
164,2020-08-11,25,30,10,8,9,10,0,3,2,7,4,2,0,224,2020,2244
165,2020-08-12,31,29,7,8,8,10,6,3,11,6,0,2,0,225,2020,2245
166,2020-08-13,38,29,9,8,13,10,7,4,10,7,0,1,0,226,2020,2246
167,2020-08-14,38,31,6,8,11,10,5,4,14,8,2,1,0,227,2020,2247
168,2020-08-15,23,32,7,8,6,10,3,4,5,8,2,2,0,228,2020,2248
169,2020-08-16,21,31,10,8,5,9,0,4,5,8,1,2,0,229,2020,2249
170,2020-08-17,34,30,9,8,6,8,4,4,15,9,0,1,0,230,2020,2250
171,2020-08-18,39,32,14,9,9,8,2,4,12,10,2,1,0,231,2020,2251
172,2020-08-19,35,33,5,9,14,9,8,4,7,10,1,1,0,232,2020,2252
173,2020-08-20,36,32,14,9,8,8,4,4,10,10,1,1,0,233,2020,2253
174,2020-08-21,31,31,9,10,9,8,4,4,9,9,0,1,0,234,2020,2254
175,2020-08-22,27,32,6,10,6,8,7,4,7,9,1,1,0,235,2020,2255
176,2020-08-23,21,32,3,9,6,8,2,4,11,10,0,1,0,236,2020,2256
177,2020-08-24,36,32,14,9,9,9,6,5,5,9,2,1,0,237,2020,2257
178,2020-08-25,42,33,11,9,14,9,7,5,9,8,1,1,0,238,2020,2258
179,2020-08-26,27,31,5,9,14,9,2,5,5,8,2,1,0,239,2020,2259
180,2020-08-27,30,31,8,8,8,9,2,4,10,8,2,1,0,240,2020,2260
181,2020-08-28,22,29,4,7,9,9,1,4,7,8,1,1,0,241,2020,2261
182,2020-08-29,22,29,7,7,9,10,2,3,4,7,1,1,0,242,2020,2262
183,2020-08-30,20,28,2,7,5,10,3,3,6,7,4,2,0,243,2020,2263
184,2020-08-31,42,29,9,7,14,10,6,3,12,8,1,2,0,244,2020,2264
185,2020-09-01,20,26,5,6,8,10,1,2,5,7,1,2,0,245,2020,2265
186,2020-09-02,27,26,4,6,13,9,1,2,10,8,0,1,0,246,2020,2266
187,2020-09-03,18,24,2,5,7,9,1,2,7,7,1,1,0,247,2020,2267
188,2020-09-04,32,26,10,6,8,9,2,2,10,8,2,1,0,248,2020,2268
189,2020-09-05,22,26,5,5,10,9,2,2,5,8,0,1,0,249,2020,2269
190,2020-09-06,31,27,4,6,15,11,3,2,8,8,1,1,0,250,2020,2270
191,2020-09-07,20,24,3,5,7,10,2,2,6,7,2,1,0,251,2020,2271
192,2020-09-08,27,25,8,5,9,10,3,2,6,7,1,1,0,252,2020,2272
193,2020-09-09,32,26,6,5,11,10,3,2,11,8,1,1,0,253,2020,2273
194,2020-09-10,25,27,2,5,9,10,4,3,7,8,3,1,0,254,2020,2274
195,2020-09-11,32,27,9,5,9,10,6,3,7,7,2,1,0,255,2020,2275
196,2020-09-12,11,25,2,5,3,9,1,3,4,7,1,2,0,256,2020,2276
197,2020-09-13,17,23,2,5,8,8,1,3,5,7,1,2,0,257,2020,2277
198,2020-09-14,32,25,4,5,15,9,6,3,5,6,2,2,0,258,2020,2278
199,2020-09-15,30,26,11,5,6,9,4,4,8,7,1,2,0,259,2020,2279
200,2020-09-16,46,28,8,5,24,11,4,4,9,6,1,2,0,260,2020,2280
201,2020-09-17,34,29,11,7,13,11,4,4,5,6,2,1,0,261,2020,2281
202,2020-09-18,35,29,10,7,14,12,5,4,7,6,0,1,0,262,2020,2282
203,2020-09-19,21,31,3,7,6,12,4,4,7,7,1,1,0,263,2020,2283
204,2020-09-20,21,31,8,8,6,12,3,4,3,6,1,1,0,264,2020,2284
205,2020-09-21,28,31,8,8,12,12,0,3,6,6,2,1,0,265,2020,2285
206,2020-09-22,33,31,7,8,12,12,2,3,12,7,0,1,0,266,2020,2286
207,2020-09-23,38,30,5,7,24,12,2,3,7,7,0,1,0,267,2020,2287
208,2020-09-24,42,31,7,7,15,13,6,3,12,8,3,1,0,268,2020,2288
209,2020-09-25,46,33,8,7,20,14,6,3,11,8,1,1,0,269,2020,2289
210,2020-09-26,27,34,5,7,8,14,3,3,9,9,2,1,0,270,2020,2290
211,2020-09-27,35,36,5,6,18,16,2,3,8,9,3,2,0,271,2020,2291
212,2020-09-28,38,37,7,6,12,16,3,3,14,10,2,2,0,272,2020,2292
213,2020-09-29,50,39,7,6,18,16,9,4,13,11,3,2,0,273,2020,2293
214,2020-09-30,51,41,2,6,33,18,8,5,9,11,0,2,0,274,2020,2294
215,2020-10-01,41,41,7,6,22,19,5,5,6,10,1,2,0,275,2020,2295
216,2020-10-02,49,42,5,5,26,20,4,5,13,10,2,2,0,276,2020,2296
217,2020-10-03,24,41,1,5,11,20,4,5,5,10,3,2,0,277,2020,2297
218,2020-10-04,44,42,4,5,22,21,4,5,11,10,4,2,0,278,2020,2298
219,2020-10-05,56,45,10,5,25,22,2,5,17,11,2,2,0,279,2020,2299
220,2020-10-06,47,45,5,5,23,23,8,5,11,10,1,2,0,280,2020,2300
221,2020-10-07,45,44,9,6,22,22,5,5,10,10,0,2,0,281,2020,2301
222,2020-10-08,46,44,8,6,19,21,7,5,8,11,4,2,0,282,2020,2302
223,2020-10-09,54,45,6,6,29,22,4,5,13,11,3,2,0,283,2020,2303
224,2020-10-10,37,47,3,6,18,23,5,5,6,11,5,3,0,284,2020,2304
225,2020-10-11,47,47,12,8,18,22,5,5,11,11,1,2,0,285,2020,2305
226,2020-10-12,51,47,3,7,29,23,7,6,13,10,0,2,0,286,2020,2306
227,2020-10-13,50,47,9,7,18,22,3,5,16,11,5,3,0,287,2020,2307
228,2020-10-14,58,49,4,6,23,22,6,5,20,12,5,3,0,288,2020,2308
229,2020-10-15,74,53,13,7,33,24,5,5,20,14,3,3,0,289,2020,2309
230,2020-10-16,49,52,9,8,19,23,5,5,12,14,4,3,0,290,2020,2310
231,2020-10-17,34,52,7,8,8,21,4,5,9,14,6,3,0,291,2020,2311
232,2020-10-18,40,51,5,7,17,21,4,5,11,14,3,4,0,292,2020,2312
233,2020-10-19,68,53,10,8,26,21,11,5,18,15,4,4,0,293,2020,2313
234,2020-10-20,71,56,9,8,31,22,9,6,20,16,4,4,0,294,2020,2314
235,2020-10-21,52,55,10,9,18,22,4,6,12,15,8,5,0,295,2020,2315
236,2020-10-22,53,52,9,8,14,19,10,7,16,14,4,5,0,296,2020,2316
237,2020-10-23,59,54,9,8,23,20,6,7,18,15,3,5,0,297,2020,2317
238,2020-10-24,46,56,8,9,23,22,5,7,6,14,4,4,0,298,2020,2318
239,2020-10-25,44,56,8,9,23,23,3,7,7,14,3,4,0,299,2020,2319
240,2020-10-26,55,54,9,9,13,21,7,6,22,14,5,4,0,300,2020,2320
241,2020-10-27,46,51,8,9,25,20,4,6,6,12,3,4,0,301,2020,2321
242,2020-10-28,44,50,8,8,16,20,4,6,14,13,3,4,0,302,2020,2322
243,2020-10-29,59,50,11,9,22,21,9,5,12,12,5,4,0,303,2020,2323
244,2020-10-30,58,50,12,9,15,20,6,5,20,12,6,4,0,304,2020,2324
245,2020-10-31,47,50,7,9,18,19,5,5,13,13,5,4,0,305,2020,2325
246,2020-11-01,53,52,8,9,18,18,10,6,11,14,8,5,0,306,2020,2326
247,2020-11-02,62,53,14,10,20,19,8,7,18,13,3,5,0,307,2020,2327
248,2020-11-03,75,57,11,10,28,20,13,8,18,15,5,5,0,308,2020,2328
249,2020-11-04,66,60,13,11,26,21,10,9,12,15,6,5,0,309,2020,2329
250,2020-11-05,82,63,14,11,25,21,14,9,20,16,9,6,0,310,2020,2330
251,2020-11-06,63,64,9,11,20,22,14,11,20,16,1,5,0,311,2020,2331
252,2020-11-07,58,66,16,12,10,21,6,11,23,17,3,5,0,312,2020,2332
253,2020-11-08,63,67,11,13,18,21,7,10,17,18,11,5,0,313,2020,2333
254,2020-11-09,78,69,18,13,28,22,8,10,21,19,5,6,0,314,2020,2334
255,2020-11-10,87,71,19,14,30,22,9,10,22,19,9,6,0,315,2020,2335
256,2020-11-11,97,75,23,16,11,20,17,11,29,22,18,8,0,316,2020,2336
257,2020-11-12,79,75,20,17,21,20,11,10,19,22,10,8,0,317,2020,2337
258,2020-11-13,90,79,20,18,30,21,9,10,20,22,12,10,0,318,2020,2338
259,2020-11-14,98,85,25,19,29,24,12,10,23,22,11,11,0,319,2020,2339
260,2020-11-15,88,88,14,20,24,25,13,11,28,23,12,11,0,320,2020,2340
261,2020-11-16,122,94,24,21,33,25,15,12,44,26,9,12,0,321,2020,2341
262,2020-11-17,101,96,21,21,29,25,13,13,31,28,8,11,0,322,2020,2342
263,2020-11-18,118,99,24,21,38,29,13,12,30,28,14,11,0,323,2020,2343
264,2020-11-19,131,107,22,21,37,31,15,13,38,31,20,12,0,324,2020,2344
265,2020-11-20,131,113,24,22,37,32,18,14,36,33,17,13,0,325,2020,2345
266,2020-11-21,119,116,18,21,27,32,14,14,41,35,20,14,0,326,2020,2346
267,2020-11-22,114,119,15,21,39,34,14,15,30,36,19,15,0,327,2020,2347
268,2020-11-23,147,123,34,23,37,35,16,15,39,35,25,18,0,328,2020,2348
269,2020-11-24,129,127,19,22,38,36,13,15,42,37,18,19,0,329,2020,2349
270,2020-11-25,139,130,25,22,43,37,12,15,42,38,20,20,0,330,2020,2350
271,2020-11-26,153,133,26,23,40,37,27,16,43,39,19,20,0,331,2020,2351
272,2020-11-27,156,137,24,23,44,38,25,17,38,39,27,21,0,332,2020,2352
273,2020-11-28,124,137,21,23,31,39,19,18,42,39,12,20,0,333,2020,2353
274,2020-11-29,164,145,31,26,43,39,19,19,48,42,24,21,0,334,2020,2354
275,2020-11-30,188,150,41,27,41,40,34,21,61,45,14,19,0,335,2020,2355
276,2020-12-01,203,161,44,30,47,41,21,22,66,49,25,20,0,336,2020,2356
277,2020-12-02,169,165,26,30,48,42,23,24,51,50,23,21,0,337,2020,2357
278,2020-12-03,207,173,47,33,50,43,19,23,57,52,36,23,0,338,2020,2358
279,2020-12-04,180,176,37,35,57,45,22,22,42,52,23,22,0,339,2020,2359
280,2020-12-05,176,184,32,37,42,47,27,24,58,55,20,24,0,340,2020,2360
281,2020-12-06,176,186,38,38,50,48,19,24,47,55,22,23,0,341,2020,2361
282,2020-12-07,222,190,46,39,58,50,28,23,62,55,32,26,0,342,2020,2362
283,2020-12-08,221,193,42,38,68,53,35,25,57,53,22,25,0,343,2020,2363
284,2020-12-09,274,208,59,43,78,58,46,28,63,55,37,27,0,344,2020,2364
285,2020-12-10,240,213,44,43,69,60,28,29,73,57,27,26,0,345,2020,2365
286,2020-12-11,247,222,58,46,63,61,32,31,71,62,23,26,0,346,2020,2366
287,2020-12-12,207,227,39,47,57,63,30,31,60,62,23,27,0,347,2020,2367
288,2020-12-13,225,234,41,47,57,64,33,33,78,66,19,26,0,348,2020,2368
289,2020-12-14,259,239,52,48,76,67,36,34,80,69,19,24,0,349,2020,2369
290,2020-12-15,232,241,41,48,75,68,41,35,62,70,17,24,0,350,2020,2370
291,2020-12-16,212,232,47,46,66,66,22,32,65,70,13,20,0,351,2020,2371
292,2020-12-17,227,230,49,47,69,66,30,32,64,69,20,19,0,352,2020,2372
293,2020-12-18,273,234,68,48,80,69,37,33,71,69,20,19,0,353,2020,2373
294,2020-12-19,236,238,47,49,65,70,32,33,74,71,19,18,0,354,2020,2374
295,2020-12-20,239,240,42,49,79,73,32,33,67,69,22,19,0,355,2020,2375
296,2020-12-21,327,249,65,51,95,76,58,36,93,71,20,19,0,356,2020,2376
297,2020-12-22,283,257,54,53,87,77,50,37,72,72,23,20,0,357,2020,2377
298,2020-12-23,300,269,49,53,112,84,45,41,76,74,23,21,0,358,2020,2378
299,2020-12-24,273,276,49,53,94,87,37,42,81,76,13,20,0,359,2020,2379
300,2020-12-25,265,275,43,50,84,88,51,44,76,77,13,19,0,360,2020,2380
301,2020-12-26,267,279,45,50,89,91,35,44,79,78,21,19,0,361,2020,2381
302,2020-12-27,244,280,36,49,89,93,32,44,69,78,19,19,0,362,2020,2382
303,2020-12-28,348,283,69,49,104,94,55,44,107,80,20,19,0,363,2020,2383
304,2020-12-29,318,288,63,51,83,94,57,45,98,84,19,18,0,364,2020,2384
305,2020-12-30,313,290,69,53,94,91,41,44,93,86,18,18,0,365,2020,2385
306,2020-12-31,281,291,55,54,89,90,41,45,81,86,20,19,0,366,2020,2386
307,2021-01-01,302,296,63,57,84,90,36,42,94,89,27,21,0,1,2021,2022
308,2021-01-02,322,304,56,59,90,90,50,45,100,92,27,21,0,2,2021,2023
309,2021-01-03,299,312,54,61,93,91,38,45,104,97,16,21,0,3,2021,2024
310,2021-01-04,403,320,65,61,134,95,63,47,115,98,29,22,0,4,2021,2025
311,2021-01-05,347,324,72,62,98,97,53,46,103,99,24,23,0,5,2021,2026
312,2021-01-06,376,333,71,62,110,100,44,46,123,103,31,25,0,6,2021,2027
313,2021-01-07,361,344,65,64,112,103,35,46,122,109,28,26,0,7,2021,2028
314,2021-01-08,352,351,64,64,111,107,34,45,119,112,26,26,0,8,2021,2029
315,2021-01-09,326,352,63,65,89,107,36,43,112,114,29,26,0,9,2021,2030
316,2021-01-10,305,353,53,65,84,105,48,45,98,113,27,28,0,10,2021,2031
317,2021-01-11,401,353,88,68,125,104,56,44,110,112,28,28,0,11,2021,2032
318,2021-01-12,389,359,91,71,119,107,50,43,104,113,29,28,0,12,2021,2033
319,2021-01-13,428,366,97,74,126,109,60,46,114,111,33,29,0,13,2021,2034
320,2021-01-14,434,376,79,76,137,113,63,50,122,111,35,30,0,14,2021,2035
321,2021-01-15,392,382,74,78,128,115,49,52,113,110,32,30,0,15,2021,2036
322,2021-01-16,367,388,69,79,102,117,54,54,122,112,25,30,0,16,2021,2037
323,2021-01-17,334,392,72,81,100,120,55,55,87,110,23,29,0,17,2021,2038
324,2021-01-18,439,398,98,83,139,122,55,55,119,112,33,30,0,18,2021,2039
325,2021-01-19,385,397,73,80,115,121,64,57,114,113,24,29,0,19,2021,2040
326,2021-01-20,364,388,86,79,96,117,51,56,116,113,18,27,0,20,2021,2041
327,2021-01-21,416,385,89,80,118,114,65,56,121,113,25,26,0,21,2021,2042
328,2021-01-22,431,391,100,84,126,114,58,57,122,114,29,25,0,22,2021,2043
329,2021-01-23,322,384,76,85,92,112,53,57,82,109,21,25,0,23,2021,2044
330,2021-01-24,337,385,77,86,99,112,51,57,92,109,20,24,0,24,2021,2045
331,2021-01-25,403,380,103,86,107,108,64,58,112,108,18,22,0,25,2021,2046
332,2021-01-26,367,377,84,88,97,105,53,56,119,109,21,22,0,26,2021,2047
333,2021-01-27,422,385,89,88,131,110,58,57,123,110,26,23,0,27,2021,2048
334,2021-01-28,391,382,106,91,113,109,52,56,105,108,16,22,0,28,2021,2049
335,2021-01-29,401,378,84,88,120,108,70,57,113,107,16,20,0,29,2021,2050
336,2021-01-30,266,370,59,86,74,106,47,56,73,105,18,19,0,30,2021,2051
337,2021-01-31,304,365,63,84,97,106,39,55,90,105,16,19,0,31,2021,2052
338,2021-02-01,289,349,84,81,85,102,41,51,70,99,13,18,0,32,2021,2053
339,2021-02-02,404,354,91,82,142,109,60,52,97,96,18,18,0,33,2021,2054
340,2021-02-03,442,357,99,84,149,111,71,54,107,94,18,16,0,34,2021,2055
341,2021-02-04,432,363,87,81,144,116,74,57,121,96,14,16,0,35,2021,2056
342,2021-02-05,441,368,102,84,138,118,69,57,114,96,20,17,0,36,2021,2057
343,2021-02-06,364,382,82,87,97,122,67,60,97,99,22,17,0,37,2021,2058
344,2021-02-07,311,383,84,90,104,123,39,60,75,97,10,16,0,38,2021,2059
345,2021-02-08,393,398,98,92,127,129,60,63,93,101,19,17,0,39,2021,2060
346,2021-02-09,397,397,96,93,109,124,57,62,112,103,26,18,0,40,2021,2061
347,2021-02-10,363,386,85,91,119,120,45,59,94,101,22,19,0,41,2021,2062
348,2021-02-11,321,370,67,88,111,115,51,55,85,96,15,19,0,42,2021,2063
349,2021-02-12,345,356,79,84,107,111,48,52,89,92,24,20,0,43,2021,2064
350,2021-02-13,280,344,70,83,74,107,42,49,88,91,9,18,0,44,2021,2065
351,2021-02-14,248,335,59,79,85,105,34,48,58,88,14,18,0,45,2021,2066
352,2021-02-15,324,325,71,75,98,100,49,47,90,88,16,18,0,46,2021,2067
353,2021-02-16,352,319,80,73,118,102,53,46,93,85,12,16,0,47,2021,2068
354,2021-02-17,292,309,64,70,101,99,42,46,81,83,8,14,0,48,2021,2069
355,2021-02-18,262,300,53,68,79,95,38,44,82,83,10,13,0,49,2021,2070
356,2021-02-19,306,295,73,67,84,91,43,43,94,84,14,12,0,50,2021,2071
357,2021-02-20,298,297,72,67,89,93,43,43,87,84,10,12,0,51,2021,2072
358,2021-02-21,272,301,59,67,85,93,34,43,86,88,14,12,0,52,2021,2073
359,2021-02-22,351,305,82,69,118,96,54,44,85,87,13,12,0,53,2021,2074
360,2021-02-23,328,301,70,68,110,95,47,43,94,87,14,12,0,54,2021,2075
361,2021-02-24,355,310,75,69,107,96,50,44,118,92,10,12,0,55,2021,2076
362,2021-02-25,292,315,70,72,86,97,46,45,81,92,11,12,0,56,2021,2077
363,2021-02-26,329,318,56,69,100,99,54,47,105,94,15,12,0,57,2021,2078
364,2021-02-27,244,310,50,66,70,97,33,45,83,93,12,13,0,58,2021,2079
365,2021-02-28,244,306,55,65,86,97,29,45,69,91,6,12,0,59,2021,2080
366,2021-03-01,325,302,75,64,88,92,49,44,99,93,17,12,0,60,2021,2081
367,2021-03-02,274,295,54,62,82,88,48,44,70,89,21,13,0,61,2021,2082
368,2021-03-03,307,288,68,61,91,86,51,44,87,85,13,14,0,62,2021,2083
369,2021-03-04,299,289,71,61,102,88,51,45,67,83,10,13,0,63,2021,2084
370,2021-03-05,258,279,67,63,70,84,34,42,68,78,21,14,0,64,2021,2085
371,2021-03-06,243,279,44,62,67,84,37,43,84,78,13,14,0,65,2021,2086
372,2021-03-07,249,279,53,62,72,82,39,44,71,78,15,16,0,66,2021,2087
373,2021-03-08,296,275,60,60,75,80,52,45,94,77,22,16,0,67,2021,2088
374,2021-03-09,282,276,64,61,74,79,47,44,86,80,16,16,0,68,2021,2089
375,2021-03-10,282,273,57,59,96,79,38,43,81,79,14,16,0,69,2021,2090
376,2021-03-11,294,272,53,57,101,79,46,42,83,81,15,17,0,70,2021,2091
377,2021-03-12,293,277,61,56,95,83,36,42,91,84,14,16,0,71,2021,2092
378,2021-03-13,220,274,41,56,66,83,34,42,78,83,4,14,0,72,2021,2093
379,2021-03-14,252,274,42,54,82,84,30,40,88,86,11,14,0,73,2021,2094
380,2021-03-15,293,274,62,54,82,85,36,38,96,86,18,13,0,74,2021,2095
381,2021-03-16,248,269,45,52,78,86,40,37,75,85,15,13,0,75,2021,2096
382,2021-03-17,280,269,47,50,100,86,45,38,72,83,18,14,0,76,2021,2097
383,2021-03-18,304,270,58,51,100,86,33,36,94,85,23,15,0,77,2021,2098
384,2021-03-19,261,265,58,50,87,85,35,36,68,82,18,15,0,78,2021,2099
385,2021-03-20,261,271,54,52,87,88,31,36,74,81,17,17,0,79,2021,2100
386,2021-03-21,267,273,34,51,89,89,30,36,99,83,19,18,0,80,2021,2101
387,2021-03-22,328,278,56,50,97,91,48,37,107,84,24,19,0,81,2021,2102
388,2021-03-23,279,283,59,52,90,93,33,36,84,85,16,19,0,82,2021,2103
389,2021-03-24,293,285,63,55,99,93,22,33,91,88,23,20,0,83,2021,2104
390,2021-03-25,310,286,54,54,107,94,31,33,97,89,25,20,0,84,2021,2105
391,2021-03-26,313,293,62,55,105,96,37,33,85,91,27,22,0,85,2021,2106
392,2021-03-27,260,293,55,55,82,96,34,34,79,92,14,21,0,86,2021,2107
393,2021-03-28,206,284,36,55,58,91,19,32,77,89,16,21,0,87,2021,2108
394,2021-03-29,304,281,55,55,102,92,37,30,93,87,20,20,0,88,2021,2109
395,2021-03-30,263,278,61,55,82,91,35,31,66,84,20,21,0,89,2021,2110
396,2021-03-31,289,278,49,53,102,91,26,31,91,84,22,21,0,90,2021,2111
397,2021-04-01,265,271,51,53,101,90,36,32,65,79,14,19,0,91,2021,2112
398,2021-04-02,263,264,33,49,86,88,35,32,92,80,20,18,0,92,2021,2113
399,2021-04-03,234,261,46,47,75,87,28,31,75,80,12,18,0,93,2021,2114
400,2021-04-04,215,262,42,48,66,88,22,31,72,79,13,17,0,94,2021,2115
401,2021-04-05,265,256,48,47,82,85,30,30,88,78,17,17,0,95,2021,2116
402,2021-04-06,229,251,57,47,74,84,28,29,69,79,7,15,0,96,2021,2117
403,2021-04-07,220,242,44,46,74,80,22,29,63,75,19,15,0,97,2021,2118
404,2021-04-08,216,235,38,44,71,75,27,27,70,76,11,14,0,98,2021,2119
405,2021-04-09,204,226,46,46,51,70,28,26,63,71,19,14,0,99,2021,2120
406,2021-04-10,189,220,36,44,58,68,25,26,58,69,12,14,0,100,2021,2121
407,2021-04-11,160,212,27,42,50,66,17,25,59,67,8,13,0,101,2021,2122
408,2021-04-12,201,203,39,41,57,62,33,26,64,64,11,12,0,102,2021,2123
409,2021-04-13,202,199,32,37,66,61,30,26,62,63,14,13,0,103,2021,2124
410,2021-04-14,195,195,36,36,69,60,26,27,54,61,13,13,0,104,2021,2125
411,2021-04-15,219,196,45,37,65,59,28,27,66,61,17,13,0,105,2021,2126
412,2021-04-16,196,195,32,35,74,63,21,26,56,60,15,13,0,106,2021,2127
413,2021-04-17,164,191,26,34,57,63,16,24,56,60,10,13,0,107,2021,2128
414,2021-04-18,167,192,31,34,66,65,12,24,45,58,14,13,0,108,2021,2129
415,2021-04-19,173,188,30,33,54,64,20,22,55,56,16,14,0,109,2021,2130
416,2021-04-20,155,181,28,33,60,64,19,20,39,53,11,14,0,110,2021,2131
417,2021-04-21,114,170,15,30,40,59,11,18,35,50,14,14,0,111,2021,2132
418,2021-04-22,161,161,42,29,48,57,13,16,49,48,10,13,0,112,2021,2133
419,2021-04-23,155,156,24,28,54,54,19,16,46,46,14,13,0,113,2021,2134
420,2021-04-24,104,147,22,27,31,50,12,15,31,43,9,13,0,114,2021,2135
421,2021-04-25,120,140,23,26,36,46,17,16,41,42,4,11,0,115,2021,2136
422,2021-04-26,144,136,30,26,48,45,16,15,43,41,7,10,0,116,2021,2137
423,2021-04-27,116,131,18,25,43,43,8,14,40,41,9,10,0,117,2021,2138
424,2021-04-28,129,133,19,25,44,43,20,15,38,41,9,9,0,118,2021,2139
425,2021-04-29,115,126,20,22,42,43,18,16,27,38,9,9,0,119,2021,2140
426,2021-04-30,95,118,17,21,34,40,11,15,30,36,3,7,0,120,2021,2141
427,2021-05-01,79,114,14,20,24,39,13,15,27,35,4,6,0,121,2021,2142
428,2021-05-02,72,107,14,19,22,37,8,13,16,32,12,8,0,122,2021,2143
429,2021-05-03,88,99,17,17,28,34,11,13,29,30,4,7,0,123,2021,2144
430,2021-05-04,95,96,12,16,44,34,11,13,23,27,7,7,0,124,2021,2145
431,2021-05-05,76,89,16,16,19,30,9,12,26,25,6,6,0,125,2021,2146
432,2021-05-06,81,84,10,14,21,27,16,11,30,26,5,6,0,126,2021,2147
433,2021-05-07,72,80,13,14,28,27,10,11,16,24,5,6,0,127,2021,2148
434,2021-05-08,62,78,11,13,24,27,11,11,16,22,2,6,0,128,2021,2149
435,2021-05-09,62,77,9,13,18,26,9,11,25,24,1,4,0,129,2021,2150
436,2021-05-10,70,74,18,13,17,24,9,11,24,23,2,4,0,130,2021,2151
437,2021-05-11,69,70,15,13,17,21,8,10,24,23,5,4,0,131,2021,2152
438,2021-05-12,62,68,9,12,24,21,11,11,14,21,5,4,0,132,2021,2153
439,2021-05-13,66,66,12,12,22,21,8,9,22,20,4,3,0,133,2021,2154
440,2021-05-14,69,66,17,13,14,19,10,9,24,21,5,3,0,134,2021,2155
441,2021-05-15,39,62,7,12,18,19,2,8,8,20,4,4,0,135,2021,2156
442,2021-05-16,41,59,3,12,19,19,4,7,14,19,1,4,0,136,2021,2157
443,2021-05-17,72,60,11,11,21,19,10,8,25,19,5,4,0,137,2021,2158
444,2021-05-18,52,57,10,10,15,19,7,7,19,18,2,4,0,138,2021,2159
445,2021-05-19,58,57,14,11,20,18,8,7,13,18,3,3,0,139,2021,2160
446,2021-05-20,65,57,12,11,30,20,7,7,13,17,3,3,0,140,2021,2161
447,2021-05-21,52,54,11,10,11,19,9,7,15,15,6,3,0,141,2021,2162
448,2021-05-22,35,54,6,10,11,18,5,7,13,16,2,3,0,142,2021,2163
449,2021-05-23,45,54,4,10,18,18,6,7,13,16,4,4,0,143,2021,2164
450,2021-05-24,35,49,8,9,8,16,4,7,14,14,1,3,0,144,2021,2165
451,2021-05-25,40,47,3,8,17,16,5,6,16,14,0,3,0,145,2021,2166
452,2021-05-26,33,44,4,7,12,15,3,6,10,13,4,3,0,146,2021,2167
453,2021-05-27,45,41,11,7,11,13,10,6,12,13,3,3,0,147,2021,2168
454,2021-05-28,35,38,7,6,16,13,5,5,6,12,1,2,0,148,2021,2169
455,2021-05-29,25,37,6,6,4,12,4,5,11,12,0,2,0,149,2021,2170
456,2021-05-30,26,34,4,6,12,11,6,5,3,10,1,1,0,150,2021,2171
457,2021-05-31,19,32,8,6,2,11,3,5,6,9,1,1,0,151,2021,2172
458,2021-06-01,33,31,5,6,14,10,4,5,10,8,2,2,0,152,2021,2173
459,2021-06-02,44,32,6,7,15,11,4,5,14,9,5,2,0,153,2021,2174
460,2021-06-03,29,30,0,5,14,11,3,4,10,9,2,2,0,154,2021,2175
461,2021-06-04,23,28,6,5,8,10,4,4,3,8,2,2,0,155,2021,2176
462,2021-06-05,17,27,3,5,4,10,3,4,4,7,3,2,0,156,2021,2177
463,2021-06-06,25,27,8,5,9,9,2,3,4,7,2,2,0,157,2021,2178
464,2021-06-07,31,29,8,5,11,11,1,3,8,8,3,3,0,158,2021,2179
465,2021-06-08,38,30,11,6,6,10,7,3,12,8,2,3,0,159,2021,2180
466,2021-06-09,24,27,9,6,9,9,1,3,4,6,1,2,0,160,2021,2181
467,2021-06-10,25,26,6,7,8,8,3,3,6,6,2,2,0,161,2021,2182
468,2021-06-11,26,27,6,7,7,8,5,3,6,6,2,2,0,162,2021,2183
469,2021-06-12,22,27,6,8,5,8,3,3,6,7,2,2,0,163,2021,2184
470,2021-06-13,30,28,4,7,12,8,2,3,10,7,3,2,0,164,2021,2185
471,2021-06-14,25,27,6,7,12,8,2,3,5,7,1,2,0,165,2021,2186
472,2021-06-15,25,25,8,6,8,9,1,2,4,6,4,2,0,166,2021,2187
473,2021-06-16,24,25,6,6,6,8,5,3,7,6,2,2,0,167,2021,2188
474,2021-06-17,30,26,10,7,9,8,2,3,8,7,1,2,0,168,2021,2189
475,2021-06-18,18,25,2,6,7,8,3,3,5,6,1,2,0,169,2021,2190
476,2021-06-19,13,24,4,6,2,8,1,2,3,6,3,2,0,170,2021,2191
477,2021-06-20,26,23,4,6,10,8,3,2,8,6,2,2,0,171,2021,2192
478,2021-06-21,30,24,7,6,10,7,4,3,5,6,5,3,0,172,2021,2193
479,2021-06-22,33,25,3,5,7,7,2,3,14,7,7,3,0,173,2021,2194
480,2021-06-23,23,25,3,5,10,8,3,3,6,7,1,3,0,174,2021,2195
481,2021-06-24,14,22,1,3,8,8,1,2,2,6,2,3,0,175,2021,2196
482,2021-06-25,19,23,4,4,9,8,2,2,4,6,0,3,0,176,2021,2197
483,2021-06-26,18,23,4,4,7,9,2,2,2,6,3,3,0,177,2021,2198
484,2021-06-27,23,23,3,4,7,8,3,2,10,6,0,3,0,178,2021,2199
485,2021-06-28,25,22,3,3,7,8,5,3,8,7,3,2,0,179,2021,2200
486,2021-06-29,23,21,1,3,8,8,6,3,8,6,0,1,0,180,2021,2201
487,2021-06-30,21,20,3,3,7,8,4,3,6,6,1,1,0,181,2021,2202
488,2021-07-01,31,23,3,3,10,8,3,4,7,6,8,2,0,182,2021,2203
489,2021-07-02,36,25,7,3,13,8,5,4,8,7,5,3,0,183,2021,2204
490,2021-07-03,20,26,3,3,5,8,5,4,4,7,4,3,0,184,2021,2205
491,2021-07-04,21,25,1,3,9,8,3,4,7,7,2,3,0,185,2021,2206
492,2021-07-05,14,24,3,3,5,8,2,4,4,6,1,3,0,186,2021,2207
493,2021-07-06,23,24,3,3,7,8,3,4,5,6,5,4,0,187,2021,2208
494,2021-07-07,23,24,2,3,9,8,3,3,7,6,2,4,0,188,2021,2209
495,2021-07-08,24,23,5,3,8,8,3,3,5,6,3,3,0,189,2021,2210
496,2021-07-09,37,23,5,3,8,7,8,4,14,7,2,3,0,190,2021,2211
497,2021-07-10,17,23,2,3,4,7,3,4,9,7,0,2,0,191,2021,2212
498,2021-07-11,28,24,8,4,6,7,2,3,11,8,1,2,0,192,2021,2213
499,2021-07-12,24,25,7,5,9,7,2,3,6,8,0,2,0,193,2021,2214
500,2021-07-13,25,25,6,5,7,7,2,3,8,9,3,2,0,194,2021,2215
501,2021-07-14,47,29,11,6,13,8,7,4,15,10,2,2,0,195,2021,2216
502,2021-07-15,28,29,3,6,9,8,5,4,9,10,2,1,0,196,2021,2217
503,2021-07-16,36,29,7,6,17,9,2,3,10,10,1,1,0,197,2021,2218
504,2021-07-17,36,32,11,8,8,10,5,4,8,10,6,2,0,198,2021,2219
505,2021-07-18,37,33,6,7,19,12,3,4,6,9,4,3,0,199,2021,2220
506,2021-07-19,50,37,9,8,17,13,6,4,16,10,3,3,0,200,2021,2221
507,2021-07-20,52,41,7,8,21,15,6,5,15,11,4,3,0,201,2021,2222
508,2021-07-21,41,40,10,8,9,14,5,5,15,11,5,4,0,202,2021,2223
509,2021-07-22,51,43,15,9,18,16,6,5,10,11,3,4,0,203,2021,2224
510,2021-07-23,47,45,9,10,16,15,5,5,15,12,5,4,0,204,2021,2225
511,2021-07-24,42,46,5,9,14,16,7,5,11,13,5,4,0,205,2021,2226
512,2021-07-25,41,46,8,9,10,15,7,6,12,13,4,4,0,206,2021,2227
513,2021-07-26,58,47,8,9,21,16,8,6,18,14,4,4,0,207,2021,2228
514,2021-07-27,71,50,16,10,23,16,6,6,19,14,7,5,0,208,2021,2229
515,2021-07-28,74,55,13,11,13,16,14,8,32,17,3,4,0,209,2021,2230
516,2021-07-29,74,58,11,10,20,17,13,9,18,18,13,6,0,210,2021,2231
517,2021-07-30,78,63,18,11,19,17,11,9,28,20,3,6,0,211,2021,2232
518,2021-07-31,67,66,8,12,27,19,6,9,20,21,7,6,0,212,2021,2233
519,2021-08-01,47,67,10,12,15,20,5,9,16,22,3,6,0,213,2021,2234
520,2021-08-02,71,69,9,12,24,20,9,9,25,23,6,6,0,214,2021,2235
521,2021-08-03,94,72,17,12,26,21,10,10,31,24,13,7,0,215,2021,2236
522,2021-08-04,84,74,11,12,36,24,8,9,18,22,13,8,0,216,2021,2237
523,2021-08-05,88,76,20,13,24,24,18,10,24,23,4,7,0,217,2021,2238
524,2021-08-06,113,81,20,14,39,27,16,10,28,23,11,8,0,218,2021,2239
525,2021-08-07,84,83,18,15,25,27,13,11,21,23,8,8,0,219,2021,2240
526,2021-08-08,96,90,19,16,25,28,14,13,29,25,10,9,0,220,2021,2241
527,2021-08-09,128,98,29,19,43,31,16,14,41,27,0,8,0,221,2021,2242
528,2021-08-10,117,101,36,22,32,32,17,15,29,27,6,7,0,222,2021,2243
529,2021-08-11,136,109,29,24,39,32,11,15,38,30,19,8,0,223,2021,2244
530,2021-08-12,115,113,22,25,29,33,19,15,32,31,15,10,0,224,2021,2245
531,2021-08-13,136,116,30,26,45,34,15,15,40,33,7,9,0,225,2021,2246
532,2021-08-14,90,117,18,26,28,34,11,15,20,33,16,10,0,226,2021,2247
533,2021-08-15,106,118,15,26,38,36,21,16,25,32,8,10,0,227,2021,2248
534,2021-08-16,122,117,27,25,36,35,15,16,42,32,7,11,0,228,2021,2249
535,2021-08-17,128,119,32,25,36,36,15,15,34,33,13,12,0,229,2021,2250
536,2021-08-18,112,116,25,24,35,35,16,16,26,31,12,11,0,230,2021,2251
537,2021-08-19,91,112,20,24,24,35,11,15,25,30,10,10,0,231,2021,2252
538,2021-08-20,113,109,36,25,27,32,17,15,25,28,11,11,0,232,2021,2253
539,2021-08-21,112,112,27,26,30,32,19,16,33,30,4,9,0,233,2021,2254
540,2021-08-22,102,111,22,27,31,31,16,16,28,30,7,9,0,234,2021,2255
541,2021-08-23,112,110,34,28,26,30,17,16,29,29,7,9,0,235,2021,2256
542,2021-08-24,101,106,18,26,34,30,13,16,32,28,5,8,0,236,2021,2257
543,2021-08-25,107,105,27,26,31,29,17,16,31,29,4,7,0,237,2021,2258
544,2021-08-26,102,107,25,27,33,30,10,16,31,30,8,7,0,238,2021,2259
545,2021-08-27,102,105,25,25,32,31,13,15,25,30,9,6,0,239,2021,2260
546,2021-08-28,78,101,13,23,21,30,14,14,30,29,3,6,0,240,2021,2261
547,2021-08-29,85,98,25,24,23,29,11,14,22,29,8,6,0,241,2021,2262
548,2021-08-30,120,99,33,24,37,30,13,13,31,29,8,6,0,242,2021,2263
549,2021-08-31,118,102,31,26,29,29,25,15,24,28,12,7,0,243,2021,2264
550,2021-09-01,121,104,30,26,30,29,19,15,37,29,10,8,0,244,2021,2265
551,2021-09-02,92,102,32,27,19,27,7,15,24,28,11,9,0,245,2021,2266
552,2021-09-03,74,98,17,26,24,26,9,14,22,27,4,8,0,246,2021,2267
553,2021-09-04,100,101,22,27,31,28,11,14,32,27,6,8,0,247,2021,2268
554,2021-09-05,71,99,16,26,22,27,8,13,18,27,7,8,0,248,2021,2269
555,2021-09-06,74,93,19,24,20,25,11,13,22,26,6,8,0,249,2021,2270
556,2021-09-07,105,91,19,22,26,25,26,13,27,26,7,7,0,250,2021,2271
557,2021-09-08,95,87,22,21,29,24,19,13,24,24,3,6,0,251,2021,2272
558,2021-09-09,92,87,38,22,21,25,10,13,18,23,8,6,0,252,2021,2273
559,2021-09-10,93,90,26,23,27,25,9,13,26,24,6,6,0,253,2021,2274
560,2021-09-11,80,87,14,22,25,24,11,13,22,22,8,6,0,254,2021,2275
561,2021-09-12,86,89,15,22,28,25,14,14,26,24,6,6,0,255,2021,2276
562,2021-09-13,98,93,15,21,30,27,23,16,21,23,9,7,0,256,2021,2277
563,2021-09-14,79,89,12,20,30,27,19,15,16,22,6,7,0,257,2021,2278
564,2021-09-15,91,88,13,19,34,28,7,13,29,23,9,7,0,258,2021,2279
565,2021-09-16,81,87,21,17,18,27,11,13,27,24,7,7,0,259,2021,2280
566,2021-09-17,82,85,13,15,23,27,20,15,25,24,4,7,0,260,2021,2281
567,2021-09-18,83,86,17,15,27,27,18,16,22,24,3,6,0,261,2021,2282
568,2021-09-19,71,84,8,14,24,27,14,16,15,22,10,7,0,262,2021,2283
569,2021-09-20,92,83,26,16,24,26,18,15,17,22,8,7,0,263,2021,2284
570,2021-09-21,80,83,17,16,23,25,12,14,23,23,5,7,0,264,2021,2285
571,2021-09-22,94,83,19,17,32,24,13,15,26,22,5,6,0,265,2021,2286
572,2021-09-23,88,84,16,17,36,27,11,15,18,21,9,6,0,266,2021,2287
573,2021-09-24,78,84,10,16,32,28,13,14,24,21,1,6,0,267,2021,2288
574,2021-09-25,64,81,14,16,23,28,4,12,19,20,4,6,0,268,2021,2289
575,2021-09-26,49,78,9,16,17,27,5,11,14,20,4,5,0,269,2021,2290
576,2021-09-27,71,75,17,15,26,27,6,9,20,21,4,5,0,270,2021,2291
577,2021-09-28,62,72,11,14,16,26,10,9,20,20,6,5,0,271,2021,2292
578,2021-09-29,61,68,16,13,21,24,8,8,13,18,4,5,0,272,2021,2293
579,2021-09-30,55,63,12,13,17,22,6,7,16,18,5,4,0,273,2021,2294
580,2021-10-01,81,63,17,14,28,21,9,7,31,19,2,4,0,274,2021,2295
581,2021-10-02,58,62,17,14,13,20,6,7,21,19,4,4,0,275,2021,2296
582,2021-10-03,63,64,12,15,27,21,10,8,16,20,2,4,0,276,2021,2297
583,2021-10-04,73,65,15,14,25,21,10,8,20,20,3,4,0,277,2021,2298
584,2021-10-05,67,65,10,14,26,22,13,9,14,19,4,3,0,278,2021,2299
585,2021-10-06,60,65,13,14,10,21,11,9,23,20,7,4,0,279,2021,2300
586,2021-10-07,60,66,15,14,11,20,9,10,18,20,7,4,0,280,2021,2301
587,2021-10-08,42,60,8,13,11,18,11,10,12,18,3,4,0,281,2021,2302
588,2021-10-09,67,62,14,12,24,19,10,11,15,17,4,4,0,282,2021,2303
589,2021-10-10,46,59,11,12,15,17,7,10,7,16,7,5,0,283,2021,2304
590,2021-10-11,51,56,10,12,12,16,10,10,14,15,5,5,0,284,2021,2305
591,2021-10-12,46,53,7,11,11,13,9,10,18,15,4,5,0,285,2021,2306
592,2021-10-13,69,54,14,11,22,15,14,10,15,14,8,5,0,286,2021,2307
593,2021-10-14,46,52,11,11,10,15,7,10,17,14,2,5,0,287,2021,2308
594,2021-10-15,54,54,11,11,11,15,14,10,15,14,3,5,0,288,2021,2309
595,2021-10-16,48,51,10,11,15,14,5,9,13,14,6,5,0,289,2021,2310
596,2021-10-17,46,51,2,9,28,16,7,9,9,14,2,4,0,290,2021,2311
597,2021-10-18,51,51,10,9,17,16,1,8,15,15,9,5,0,291,2021,2312
598,2021-10-19,47,52,12,10,18,17,6,8,9,13,3,5,0,292,2021,2313
599,2021-10-20,51,49,9,9,18,17,10,7,8,12,6,4,0,293,2021,2314
600,2021-10-21,44,49,7,9,14,17,3,7,15,12,6,5,0,294,2021,2315
601,2021-10-22,41,47,11,9,17,18,3,5,8,11,4,5,0,295,2021,2316
602,2021-10-23,42,46,7,8,17,18,6,5,7,10,7,5,0,296,2021,2317
603,2021-10-24,40,45,8,9,12,16,7,5,8,10,5,6,0,297,2021,2318
604,2021-10-25,35,43,5,8,14,16,4,6,10,9,2,5,0,298,2021,2319
605,2021-10-26,36,41,4,7,17,16,4,5,8,9,3,5,0,299,2021,2320
606,2021-10-27,38,39,7,7,15,15,6,5,9,9,1,4,0,300,2021,2321
607,2021-10-28,33,38,9,7,10,15,9,6,4,8,1,3,0,301,2021,2322
608,2021-10-29,28,36,6,7,8,13,7,6,5,7,3,3,0,302,2021,2323
609,2021-10-30,23,33,6,6,9,12,1,5,4,7,3,3,0,303,2021,2324
610,2021-10-31,27,31,5,6,7,11,5,5,8,7,3,2,0,304,2021,2325
611,2021-11-01,33,31,5,6,10,11,4,5,11,7,4,3,0,305,2021,2326
612,2021-11-02,40,32,10,7,13,10,4,5,8,7,5,3,0,306,2021,2327
613,2021-11-03,42,32,10,7,18,11,4,5,8,7,3,3,0,307,2021,2328
614,2021-11-04,36,33,6,7,14,11,4,4,9,8,3,3,0,308,2021,2329
615,2021-11-05,28,33,10,7,9,11,4,4,4,7,4,4,0,309,2021,2330
616,2021-11-06,29,34,9,8,12,12,2,4,4,7,3,4,0,310,2021,2331
617,2021-11-07,32,34,3,8,13,13,3,4,10,8,5,4,11000,311,2021,2332
618,2021-11-08,43,36,14,9,14,13,3,3,6,7,6,4,11000,312,2021,2333
619,2021-11-09,23,33,3,8,4,12,4,3,7,7,6,4,11000,313,2021,2334
620,2021-11-10,31,32,8,8,12,11,2,3,7,7,3,4,11000,314,2021,2335
621,2021-11-11,33,31,9,8,12,11,2,3,8,7,2,4,11000,315,2021,2336
622,2021-11-12,16,30,2,7,4,10,2,3,8,7,0,4,11000,316,2021,2337
623,2021-11-13,1,26,0,6,1,9,0,2,0,7,0,3,11000,317,2021,2338
